{
  "Get Character by ID" : {
    "transaction" : "Get Character by ID",
    "sampleCount" : 100,
    "errorCount" : 0,
    "errorPct" : 0.0,
    "meanResTime" : 0.7699999999999999,
    "medianResTime" : 1.0,
    "minResTime" : 0.0,
    "maxResTime" : 1.0,
    "pct1ResTime" : 1.0,
    "pct2ResTime" : 1.0,
    "pct3ResTime" : 1.0,
    "throughput" : 109.52902519167579,
    "receivedKBytesPerSec" : 25.136055585980284,
    "sentKBytesPerSec" : 13.584166210295727
  },
  "Delete Character" : {
    "transaction" : "Delete Character",
    "sampleCount" : 100,
    "errorCount" : 0,
    "errorPct" : 0.0,
    "meanResTime" : 0.8800000000000001,
    "medianResTime" : 1.0,
    "minResTime" : 0.0,
    "maxResTime" : 2.0,
    "pct1ResTime" : 1.0,
    "pct2ResTime" : 1.0,
    "pct3ResTime" : 2.0,
    "throughput" : 98.0392156862745,
    "receivedKBytesPerSec" : 23.839613970588236,
    "sentKBytesPerSec" : 20.392922794117645
  },
  "Total" : {
    "transaction" : "Total",
    "sampleCount" : 500,
    "errorCount" : 0,
    "errorPct" : 0.0,
    "meanResTime" : 1.7519999999999984,
    "medianResTime" : 1.0,
    "minResTime" : 0.0,
    "maxResTime" : 38.0,
    "pct1ResTime" : 2.0,
    "pct2ResTime" : 2.0,
    "pct3ResTime" : 38.0,
    "throughput" : 97.27626459143968,
    "receivedKBytesPerSec" : 22.76112597276265,
    "sentKBytesPerSec" : 19.550249270428015
  },
  "Create Character" : {
    "transaction" : "Create Character",
    "sampleCount" : 100,
    "errorCount" : 0,
    "errorPct" : 0.0,
    "meanResTime" : 0.8299999999999998,
    "medianResTime" : 1.0,
    "minResTime" : 0.0,
    "maxResTime" : 2.0,
    "pct1ResTime" : 1.0,
    "pct2ResTime" : 1.0,
    "pct3ResTime" : 1.9899999999999949,
    "throughput" : 109.89010989010988,
    "receivedKBytesPerSec" : 25.2189217032967,
    "sentKBytesPerSec" : 24.6823489010989
  },
  "Update Character" : {
    "transaction" : "Update Character",
    "sampleCount" : 100,
    "errorCount" : 0,
    "errorPct" : 0.0,
    "meanResTime" : 0.83,
    "medianResTime" : 1.0,
    "minResTime" : 0.0,
    "maxResTime" : 2.0,
    "pct1ResTime" : 1.0,
    "pct2ResTime" : 1.0,
    "pct3ResTime" : 1.9899999999999949,
    "throughput" : 102.98661174047375,
    "receivedKBytesPerSec" : 23.634622811534502,
    "sentKBytesPerSec" : 23.232331359423277
  },
  "Get All Characters" : {
    "transaction" : "Get All Characters",
    "sampleCount" : 100,
    "errorCount" : 0,
    "errorPct" : 0.0,
    "meanResTime" : 5.450000000000001,
    "medianResTime" : 2.0,
    "minResTime" : 1.0,
    "maxResTime" : 38.0,
    "pct1ResTime" : 30.000000000000057,
    "pct2ResTime" : 38.0,
    "pct3ResTime" : 38.0,
    "throughput" : 110.37527593818984,
    "receivedKBytesPerSec" : 26.3003587196468,
    "sentKBytesPerSec" : 24.575745033112582
  }
}